url,compressed_size,decompressed_size,time
facebook.com,12476,40031,0.2722048759460449
google.com,27965,100449,0.560450553894043
youtube.com,22186,170542,0.5529928207397461
yahoo.com,82429,333633,1.5412378311157227
amazon.com,51461,224263,1.1865854263305664
wikipedia.org,11395,48987,0.26438474655151367
live.com,3749,10274,0.0571441650390625
qq.com,90643,472675,1.6961097717285156
taobao.com,42915,230622,0.8892488479614258
google.co.in,27509,99866,0.538790225982666
twitter.com,10625,51375,0.3290843963623047
blogspot.com,23531,84208,0.45319080352783203
linkedin.com,8072,32699,0.287325382232666
yahoo.co.jp,36338,137481,0.6811141967773438
bing.com,15974,42180,0.29531002044677734
sina.com.cn,131256,644817,2.572751045227051
yandex.ru,38711,146710,0.7208704948425293
vk.com,5429,15978,0.1850748062133789
ask.com,28090,130829,0.5998396873474121
msn.com,42943,116583,0.7905220985412598
163.com,147516,561004,2.624654769897461
ebay.com,18727,87674,0.5916762351989746
google.de,27681,99521,0.6805872917175293
wordpress.com,2866,9180,0.10509014129638672
weibo.com,2664,7630,0.043332576751708984
google.com.hk,20761,65286,0.4763484001159668
hao123.com,26465,123733,0.5502772331237793
google.co.uk,28466,102393,0.5948090553283691
mail.ru,46021,199316,0.9219145774841309
google.co.jp,28247,100253,0.5637550354003906
microsoft.com,15172,69808,0.35394906997680664
google.com.br,27665,99599,0.5855011940002441
google.fr,28770,102988,0.6375956535339355
fc2.com,6972,27904,0.26177167892456055
conduit.com,8697,34027,0.24057865142822266
tmall.com,34431,190563,0.6309366226196289
amazon.co.jp,47223,188305,1.043703556060791
pinterest.com,3045,9298,0.10825157165527344
craigslist.org,11202,62576,0.30170679092407227
xhamster.com,10119,49986,0.402371883392334
odnoklassniki.ru,7185,24237,0.15128135681152344
sohu.com,86731,376484,1.5778040885925293
babylon.com,3497,10908,0.1244378089904785
google.ru,32720,114271,0.6933021545410156
google.it,28633,102606,0.5798745155334473
instagram.com,1907,6405,0.07324934005737305
google.es,28926,103407,0.5775117874145508
mywebsearch.com,6315,19893,0.18223047256469727
paypal.com,10230,36862,0.30786752700805664
soso.com,2646,5915,0.0943756103515625
ifeng.com,70232,273655,1.2404441833496094
imdb.com,113548,432464,1.9180893898010254
pornhub.com,22086,118591,0.4944300651550293
amazon.de,45933,193888,1.1044979095458984
apple.com,4033,16137,0.15364646911621094
google.com.mx,27603,99084,0.5453372001647949
360.cn,17267,64086,0.4375028610229492
avg.com,14733,86063,0.389249324798584
aol.com,30234,114034,0.5885529518127441
google.ca,27406,98992,0.6685376167297363
youku.com,77631,489352,1.6429972648620605
alibaba.com,15333,73817,0.38637638092041016
alipay.com,13001,51423,0.33341169357299805
amazon.co.uk,43694,183059,0.8953475952148438
redtube.com,21640,108857,0.5563187599182129
go.com,10117,46343,0.31630516052246094
neobux.com,4046,16535,0.15711545944213867
jd.com,77571,318479,1.2874746322631836
blogger.com,23497,84193,0.4552006721496582
blogspot.in,27941,100400,0.5813837051391602
dailymotion.com,11510,78526,0.2689337730407715
adf.ly,7388,25608,0.2320241928100586
google.com.au,27349,98848,0.5606174468994141
google.com.tr,27527,98705,0.5827903747558594
cnn.com,28098,114297,0.5532431602478027
rakuten.co.jp,45862,214429,0.885016918182373
google.pl,28789,102493,0.5513167381286621
ebay.de,12965,47389,0.3073716163635254
about.com,16281,90320,0.43698549270629883
ku6.com,32321,206680,0.8177924156188965
livejasmin.com,15315,86830,0.39597511291503906
youporn.com,14759,59699,0.3627204895019531
netflix.com,2095,6948,0.08077859878540039
flickr.com,49716,228717,1.024770736694336
sogou.com,3122,7070,0.10402202606201172
imgur.com,11402,70801,0.34269094467163086
livedoor.com,26318,130743,0.5236935615539551
huffingtonpost.com,58839,330312,1.2559747695922852
uol.com.br,57662,297928,1.1243772506713867
ebay.co.uk,15738,80004,0.36531686782836914
thepiratebay.sx,2758,13693,0.11602640151977539
t.co,1196,3072,0.04664897918701172
nicovideo.jp,18703,85579,0.4858970642089844
stackoverflow.com,31976,191848,0.6785798072814941
ameblo.jp,5584,20889,0.17004013061523438
douban.com,12387,65752,0.38639307022094727
adcash.com,5296,20898,0.16644954681396484
cnet.com,24103,109936,0.42083024978637695
globo.com,42555,196521,0.7779479026794434
vube.com,6794,19937,0.20171403884887695
amazon.cn,68955,384706,1.6345024108886719
espn.go.com,32753,136488,0.6817936897277832
google.com.sa,19863,63359,0.39766788482666016
indiatimes.com,25091,146323,0.5702877044677734
amazon.fr,44784,180100,1.033031940460205
weather.com,23429,95770,0.5038905143737793
56.com,25375,160351,0.6138253211975098
chinaz.com,20656,97259,0.4721951484680176
google.nl,28672,102769,0.6035137176513672
google.com.eg,20438,64984,0.3739142417907715
badoo.com,9593,35314,0.1619243621826172
searchnu.com,7880,25953,0.2287435531616211
reddit.com,21277,140996,0.5132579803466797
tianya.cn,4904,12562,0.15631675720214844
slideshare.net,20177,89479,0.5063152313232422
mediafire.com,15517,57470,0.37097692489624023
renren.com,7751,21091,0.25310277938842773
4shared.com,17359,74040,0.4007887840270996
wordpress.org,4230,11041,0.1401805877685547
google.co.th,27745,100276,0.5578422546386719
google.com.ar,27592,99091,0.5766868591308594
tube8.com,17584,108284,0.47705650329589844
dailymail.co.uk,94551,416387,1.6408562660217285
ask.fm,5217,16568,0.18456220626831055
google.co.id,27117,97866,0.5336284637451172
google.com.tw,20604,64855,0.441434383392334
wikia.com,17525,85407,0.31647443771362305
deviantart.com,29383,151511,0.6562995910644531
bankofamerica.com,13445,57633,0.3194570541381836
blogfa.com,4584,11660,0.15079498291015625
nytimes.com,44076,186601,0.8777785301208496
letv.com,29388,163319,0.6316733360290527
goo.ne.jp,31750,132103,0.6050777435302734
tudou.com,56319,297810,1.0671210289001465
google.com.pk,27216,98210,0.5292057991027832
godaddy.com,19655,72823,0.4270768165588379
people.com.cn,50288,200801,0.891258716583252
google.co.za,27365,99141,0.5035591125488281
google.cn,1412,3247,0.053849220275878906
leboncoin.fr,6993,30214,0.19429683685302734
skype.com,7100,31494,0.2226734161376953
vimeo.com,10629,40152,0.27210235595703125
search-results.com,4872,13472,0.1497197151184082
booking.com,35649,176851,0.8405303955078125
livejournal.com,18725,117628,0.5266571044921875
chase.com,24415,104589,0.6457757949829102
zol.com.cn,76027,353901,1.3225126266479492
orange.fr,7959,25556,0.22157669067382812
wikimedia.org,1758,6071,0.0689244270324707
google.com.my,27315,98515,0.6117868423461914
answers.com,24519,111602,0.6343603134155273
walmart.com,28610,143375,0.6883382797241211
foxnews.com,18055,83554,0.4569530487060547
ehow.com,9439,35157,0.32124757766723633
pconline.com.cn,108597,516610,1.9442963600158691
dropbox.com,6980,24332,0.25194883346557617
aliexpress.com,25240,148187,0.5706167221069336
comcast.net,27379,141624,0.575416088104248
trafficfactory.biz,2520,8837,0.09393453598022461
outbrain.com,8118,30749,0.25397300720214844
iminent.com,10990,90597,0.3379511833190918
yelp.com,18137,85557,0.41344404220581055
onet.pl,29164,121645,0.5768465995788574
web.de,17066,97711,0.538179874420166
google.gr,29230,103600,0.5677080154418945
torrentz.eu,947,2089,0.036406517028808594
china.com.cn,58541,237589,1.0341954231262207
google.co.ve,27590,99138,0.5599355697631836
google.com.vn,27470,98186,0.5791163444519043
espncricinfo.com,35858,178524,0.7379961013793945
indeed.com,6418,20065,0.20208358764648438
cnzz.com,207,301,0.005469322204589844
amazon.it,43707,185311,1.0235786437988281
allegro.pl,11681,49860,0.42763710021972656
xunlei.com,66892,345799,1.2700867652893066
etsy.com,14240,86904,0.3834223747253418
soufun.com,55034,262359,1.0252618789672852
youjizz.com,11062,86702,0.31101226806640625
doublepimp.com,875,1938,0.03386974334716797
etao.com,41284,287047,0.9816312789916992
hardsextube.com,23337,158523,0.7098793983459473
mozilla.org,7928,28745,0.2025318145751953
58.com,8580,33099,0.261838436126709
ucoz.ru,8348,33618,0.2394580841064453
gmx.net,21445,144990,0.5288076400756836
nbcnews.com,38658,171007,0.793454647064209
guardian.co.uk,30740,201107,0.7110023498535156
goodgamestudios.com,7463,78430,0.27486085891723633
rediff.com,19981,118402,0.4985928535461426
soundcloud.com,3407,7985,0.11016130447387695
google.com.co,27587,99078,0.6258583068847656
files.wordpress.com,2652,8257,0.09793519973754883
stumbleupon.com,8935,33558,0.29738426208496094
flipkart.com,53025,375755,1.209733486175537
reference.com,11702,67340,0.3182506561279297
addthis.com,5836,18777,0.20684242248535156
google.ro,28786,102556,0.5553197860717773
google.com.ua,32105,112559,0.6148076057434082
sourceforge.net,9782,32096,0.32666444778442383
kaixin001.com,15465,71244,0.36305904388427734
google.be,28694,102738,0.5842900276184082
soku.com,1414,3779,0.05372285842895508
wp.pl,30746,102550,0.5568122863769531
pengyou.com,5222,13758,0.16977548599243164
tripadvisor.com,25732,109719,0.5240678787231445
themeforest.net,14909,75635,0.3643488883972168
iqiyi.com,48061,244339,0.9218454360961914
yesky.com,49562,258326,1.0013556480407715
cam4.com,12905,144016,0.4232311248779297
download.com,32266,111125,0.5545353889465332
4399.com,34700,146374,0.6596660614013672
amazon.es,42548,181584,0.9821009635925292
hootsuite.com,15407,61316,0.4728507995605469
google.com.ng,27337,98903,0.6271862983703613
china.com,35116,159899,0.665135383605957
fiverr.com,20108,116490,0.4770636558532715
popads.net,3754,13253,0.0615692138671875
aili.com,40219,176796,0.7616853713989258
google.com.ph,27332,98759,0.5152225494384766
wikihow.com,12718,54073,0.292966365814209
avito.ru,17520,51233,0.3380441665649414
ameba.jp,2649,7180,0.09360074996948242
systweak.com,7679,32779,0.21457910537719727
cntv.cn,2271,6048,0.07955789566040039
paipai.com,63811,247053,1.2294650077819824
y8.com,11823,49343,0.2958559989929199
tagged.com,6885,49972,0.2495574951171875
dangdang.com,47275,307322,0.9937620162963868
google.se,28597,102078,0.6865835189819336
libero.it,44779,231555,0.9871625900268555
homeway.com.cn,60548,224628,1.0833358764648438
dmm.co.jp,3557,7938,0.11577606201171875
pandora.com,48910,212789,0.9328794479370117
uploaded.net,3933,11519,0.13776779174804688
naver.jp,7592,28766,0.21546602249145508
bet365.com,8038,30815,0.2398848533630371
aweber.com,6868,22761,0.11227607727050781
google.dz,27548,98882,0.6098699569702148
hudong.com,33646,124890,0.6075263023376465
google.co.kr,28108,99747,0.4636526107788086
scribd.com,55621,466132,1.2996625900268555
mobile01.com,13432,40107,0.27924299240112305
goal.com,1413,6468,0.061993598937988274
youdao.com,5451,13872,0.1711440086364746
thefreedictionary.com,21078,81650,0.5147957801818848
naver.com,16332,60919,0.35954713821411133
hulu.com,8094,27110,0.12933015823364258
chinanews.com,49004,187705,0.8911347389221191
twoo.com,9950,33420,0.25382518768310547
google.at,28788,102733,0.5759620666503906
csdn.net,19461,79991,0.4057455062866211
java.com,2213,6199,0.113525390625
clicksor.com,12020,40021,0.3356504440307617
xcar.com.cn,60686,308864,1.1541295051574707
detik.com,31762,127755,0.6774640083312988
weebly.com,9458,37737,0.2647709846496582
huanqiu.com,23085,103544,0.46591997146606445
t-online.de,40184,179331,0.8078694343566895
kakaku.com,21363,87727,0.48388004302978516
bild.de,45251,249210,0.9318852424621582
w3schools.com,8432,29839,0.2587413787841797
kaskus.co.id,4775,12319,0.1552104949951172
google.com.pe,27701,99538,0.5355620384216309
morefreecamsecrets.com,1859,4437,0.0683283805847168
51buy.com,27877,142848,0.5831170082092285
google.pt,28749,102718,0.634608268737793
ganji.com,9451,31731,0.30866146087646484
pof.com,10355,36831,0.33345937728881836
mercadolivre.com.br,21831,95102,0.3694486618041992
archive.org,7265,30065,0.21251678466796875
51job.com,20956,105740,0.5352210998535156
statcounter.com,8828,31114,0.30882835388183594
beeg.com,14181,47400,0.2182173728942871
google.com.bd,27179,98232,0.45777320861816406
autohome.com.cn,79706,375520,1.4632058143615723
acesse.com,2854,7992,0.09663105010986328
hurriyet.com.tr,34104,222263,0.8092761039733887
so.com,6670,17692,0.19470930099487305
myspace.com,23554,130453,0.5216336250305176
google.com.sg,27444,99004,0.578467845916748
forbes.com,23164,99044,0.5266857147216797
fbcdn.net,12571,40375,0.312349796295166
target.com,15291,59567,0.34749507904052734
google.ch,27809,100009,0.6850528717041016
zillow.com,15901,63296,0.37755727767944336
drtuber.com,12663,83330,0.36904096603393555
seznam.cz,16691,54204,0.3432321548461914
google.cl,27610,99212,0.5394887924194336
goodreads.com,12325,44833,0.2925872802734375
free.fr,10477,44276,0.30638933181762695
pixiv.net,11649,45044,0.3250598907470703
nba.com,19786,116646,0.5391764640808105
exoclick.com,4872,14960,0.16429901123046875
mysearchresults.com,2224,5106,0.07219314575195312
wsj.com,43817,232214,0.8817672729492188
imageshack.us,10457,42077,0.36893129348754883
hp.com,15396,95017,0.42713403701782227
39.net,67686,365524,1.3033652305603027
match.com,9404,38353,0.30916690826416016
clkmon.com,1438,3723,0.05297660827636719
pchome.net,46418,221700,0.8597683906555176
zing.vn,24080,117131,0.4963040351867676
putlocker.com,2675,7908,0.04472494125366211
bitauto.com,62177,427099,1.257476806640625
buzzfeed.com,59525,393048,1.270289421081543
narod.ru,4144,14008,0.1508641242980957
in.com,36055,280275,0.8458495140075684
ikea.com,3049,26290,0.16724586486816406
ign.com,19603,102733,0.543367862701416
gmw.cn,37261,151032,0.6849265098571777
olx.in,14105,69059,0.4216575622558594
extratorrent.com,15629,122569,0.34178972244262695
yandex.ua,40410,153191,0.7225823402404785
outlook.com,3723,10317,0.07194042205810547
inbox.com,18017,55395,0.36579132080078125
doubleclick.com,3077,12353,0.12137174606323242
jobrapido.com,7348,28749,0.22071361541748047
pcpop.com,39440,163286,0.7484722137451172
webs.com,6241,20334,0.217742919921875
telegraph.co.uk,36652,198402,0.7567334175109863
quikr.com,17666,78246,0.3864002227783203
homedepot.com,35824,267354,0.8706307411193848
marca.com,77222,376318,1.5510773658752441
github.com,3855,11302,0.13228893280029297
ebay.com.au,21689,111855,0.5162572860717773
bestbuy.com,21037,100383,0.46466588973999023
google.co.hu,28876,102524,0.5595088005065918
nifty.com,31094,151696,0.6229424476623535
dianping.com,16365,144867,0.44772863388061523
isohunt.com,13932,34375,0.28539180755615234
spiegel.de,35418,201723,0.7589244842529297
wordreference.com,6938,24611,0.1472783088684082
salesforce.com,15813,77145,0.4515862464904785
naukri.com,21446,112884,0.5280160903930664
shaadi.com,26654,143377,0.5852699279785156
bleacherreport.com,19618,76417,0.4131913185119629
icbc.com.cn,1086,6793,0.05610942840576172
domaintools.com,9199,34575,0.29425621032714844
taringa.net,18525,87388,0.41576147079467773
ig.com.br,39894,220901,0.8875536918640137
126.com,16090,62151,0.39329051971435547
pcauto.com.cn,91375,400178,1.7293071746826172
google.cz,33092,115797,0.6058502197265625
usps.com,12632,75448,0.34738779067993164
varzesh3.com,22579,89550,0.5859899520874023
ndtv.com,20474,97160,0.4847145080566406
google.ie,28439,101950,0.5664944648742676
washingtonpost.com,58359,187357,1.1944293975830078
hostgator.com,5014,17222,0.08641481399536133
hdfcbank.com,11485,62535,0.3826618194580078
pclady.com.cn,62371,254485,1.1158013343811035
wix.com,7773,45501,0.2297830581665039
clixsense.com,7298,27084,0.23602008819580078
att.com,27521,127460,0.7351088523864746
mlb.com,39594,172619,0.7706952095031738
usatoday.com,19879,119302,0.47549962997436523
reuters.com,20752,94684,0.4855489730834961
adultfriendfinder.com,31640,180784,0.6286025047302246
eastmoney.com,47850,186459,0.8507943153381348
webmd.com,22447,105056,0.5644845962524414
aizhan.com,4241,12691,0.14724493026733398
xyxy.net,18309,84810,0.44579029083251953
imesh.com,10795,38291,0.3360772132873535
2ch.net,1890,4353,0.07388591766357422
terra.com.br,51745,173370,1.0778403282165527
fedex.com,9258,56504,0.2583479881286621
ero-advertising.com,3888,14026,0.14480113983154297
google.ae,20504,65279,0.41274309158325195
mop.com,50338,216543,0.94146728515625
kijiji.ca,9962,36879,0.2192521095275879
groupon.com,5504,27123,0.18308162689208984
twitch.tv,13597,55989,0.3023815155029297
hypergames.net,475,730,0.019469261169433594
2345.com,21507,76162,0.4360342025756836
americanexpress.com,14571,71865,0.3656196594238281
amazon.ca,43897,183699,1.0155105590820312
enet.com.cn,29111,150312,0.6769061088562012
1channel.ch,10047,40056,0.30103445053100586
histats.com,6336,34964,0.24445772171020505
qunar.com,20404,94776,0.4623889923095703
daum.net,36136,146742,0.6943225860595703
zhaopin.com,22134,109435,0.5483341217041016
google.no,27216,97871,0.5329132080078125
dell.com,10235,75831,0.39531946182250977
justdial.com,9754,39798,0.3362131118774414
mobile.de,15265,68427,0.4401540756225586
google.co.il,20259,64371,0.40070295333862305
pogo.com,18676,118373,0.45761585235595703
nuvid.com,7906,31994,0.25871992111206055
vancl.com,44420,196304,0.8374190330505371
ebay.it,15858,75528,0.3880929946899414
friv.com,962,1878,0.03655433654785156
empowernetwork.com,4166,11541,0.1405930519104004
hupu.com,35804,182276,0.735161304473877
google.dk,28351,101264,0.6463122367858887
sahibinden.com,16220,61618,0.3719663619995117
shopathome.com,25543,168924,0.5617022514343262
disqus.com,10856,33107,0.25766611099243164
mashable.com,53664,165365,0.8845114707946777
taleo.net,9241,31506,0.20324468612670898
10086.cn,1387,3557,0.05246877670288086
mp3skull.com,4270,17087,0.1634526252746582
accuweather.com,17492,87426,0.4842090606689453
ebay.in,14452,64935,0.36796092987060547
admin5.com,13814,58090,0.33691883087158203
google.fi,28629,102089,0.6446170806884766
18schoolgirlz.com,6367,72248,0.21840810775756836
qidian.com,38765,129194,0.7099342346191406
xgo.com.cn,58516,412388,1.3097643852233887
blogspot.gr,27908,100425,0.5988454818725586
php.net,9153,53028,0.25147199630737305
shutterstock.com,12614,54058,0.332033634185791
rapidgator.net,4982,15681,0.15806913375854492
myfreecams.com,891,1704,0.03359079360961914
constantcontact.com,7851,30571,0.2070760726928711
alimama.com,4099,15408,0.1380634307861328
icicibank.com,8579,40379,0.25870323181152344
spankwire.com,37464,373534,1.0102295875549316
sfr.fr,15260,72892,0.4011988639831543
verizonwireless.com,14769,63273,0.47029972076416016
6.cn,158713,761050,3.0403590202331543
xe.com,10373,43877,0.345306396484375
bigpoint.com,18725,85681,0.4781341552734375
drudgereport.com,16089,46486,0.31948089599609375
jimdo.com,11894,46220,0.367124080657959
google.az,19398,60770,0.390017032623291
yellowpages.com,23451,120679,0.5374360084533691
vnexpress.net,27166,107470,0.5742621421813965
pornerbros.com,10321,59458,0.24499654769897458
mihanblog.com,7645,25742,0.27454376220703125
farsnews.com,19577,92139,0.4370260238647461
expedia.com,33633,158347,0.666813850402832
duowan.com,37175,211284,0.7610082626342773
abril.com.br,31300,173602,0.6730389595031738
hubpages.com,7420,22613,0.24931669235229492
singlessalad.com,10875,39907,0.2640557289123535
irctc.co.in,8063,29490,0.24979591369628906
searchfunmoods.com,1719,4973,0.05639314651489258
hatena.ne.jp,25933,118730,0.5852293968200684
jrj.com.cn,33673,128005,0.601496696472168
22find.com,14853,55984,0.36455869674682617
surveymonkey.com,6572,22075,0.20762920379638672
9gag.com,12129,69217,0.3397679328918457
youm7.com,17287,71360,0.43045520782470703
mynet.com,32640,122969,0.6275343894958496
mixi.jp,4388,13979,0.15472412109375
speedtest.net,6202,19941,0.18401861190795898
pixnet.net,11045,44452,0.26223182678222656
roblox.com,6479,25689,0.20630598068237305
onlinesbi.com,3968,13953,0.1374340057373047
indianrail.gov.in,5566,30267,0.22248268127441406
blogspot.ru,29170,103394,0.5753183364868164
h2porn.com,9366,57543,0.40049314498901367
kankan.com,66892,345799,1.2270760536193848
repubblica.it,63035,333067,1.2353253364562988
blogspot.it,27952,100461,0.4693150520324707
mailchimp.com,4749,13968,0.16014814376831055
filestube.com,4604,14058,0.154266357421875
stackexchange.com,7768,44380,0.23852825164794922
bloomberg.com,38033,181749,0.7864570617675781
squidoo.com,14927,85482,0.3423905372619629
monster.com,88428,377057,1.5952491760253906
189.cn,3358,11302,0.11655092239379883
subito.it,5680,20008,0.20538806915283203
perfectgirls.net,53816,376568,1.2074732780456543
eazel.com,13298,77625,0.4194355010986328
blogspot.jp,27879,100316,0.589146614074707
virgilio.it,51996,214097,1.0471606254577637
123rf.com,15576,66920,0.3664851188659668
backpage.com,11193,105697,0.3464698791503906
meetup.com,13372,72562,0.3986644744873047
porntube.com,17223,123636,0.4776906967163086
tuvaro.com,2981,7960,0.12223243713378905
news.com.au,41143,247237,0.8502388000488281
lowes.com,11410,50980,0.3695344924926758
kompas.com,35210,122732,0.6125736236572266
peyvandha.ir,2306,6942,0.03780364990234375
sunporno.com,12634,117492,0.3937959671020508
maktoob.com,45594,212804,0.8591270446777344
tmz.com,46877,253087,0.9287190437316895
businessinsider.com,46077,278343,1.056835651397705
thesun.co.uk,58374,430560,1.3075971603393555
gutefrage.net,28843,167681,0.7292938232421875
porn.com,12956,52991,0.3111386299133301
google.sk,28594,101422,0.5687642097473145
focus.cn,3537,13251,0.13380765914916992
skyrock.com,16092,77184,0.41422605514526367
softpedia.com,26643,145044,0.6835675239562988
rayli.com.cn,48499,297249,1.074671745300293
latimes.com,60873,314331,1.0779356956481934
kinopoisk.ru,38456,178800,0.7962679862976074
ctrip.com,28708,130803,0.5750489234924316
disney.go.com,20091,79419,0.4743623733520508
mapquest.com,29528,134790,0.6565523147583008
xhamstercams.com,14652,81764,0.39127111434936523
fatakat.com,8560,54590,0.26398658752441406
qvo6.com,7219,19930,0.24544715881347656
24h.com.vn,36856,161249,0.8348345756530762
odesk.com,3959,13963,0.13966083526611328
newegg.com,59536,301779,1.2063241004943848
oneindia.in,92559,234730,1.3268828392028809
55bbs.com,62606,303017,1.1926054954528809
blogspot.de,28021,100628,0.5600166320800781
babytree.com,41795,190900,1.027541160583496
youtube-mp3.org,2365,5878,0.08459806442260742
yandex.com.tr,41783,149206,0.8098936080932617
keezmovies.com,13143,101712,0.4518294334411621
trulia.com,12866,40354,0.27007579803466797
docin.com,28441,158197,0.6916332244873047
chip.de,41783,164828,0.7404661178588867
yihaodian.com,46903,184901,0.9005284309387207
elpais.com,52990,228766,0.9558391571044922
sears.com,22143,83720,0.5691266059875488
haberturk.com,59392,334451,1.2543058395385742
snapdeal.com,44845,345502,1.009376049041748
tabnak.ir,36616,229089,0.7577848434448242
mercadolibre.com.ar,20106,85610,0.43428659439086914
wretch.cc,17036,86399,0.45279502868652344
seomoz.org,5257,17006,0.18810749053955078
macys.com,12395,60013,0.30390262603759766
informer.com,1676,5686,0.0652623176574707
sulekha.com,25378,124759,0.6436824798583984
yxlady.com,34249,98205,0.5702757835388184
jabong.com,43020,296555,0.9649109840393066
haber7.com,38730,193759,0.7769227027893066
alphaporno.com,16808,132906,0.47156572341918945
clickbank.com,7470,30740,0.2758049964904785
blog.163.com,65726,344894,1.2831592559814453
free-tv-video-online.me,6949,23283,0.24116992950439453
interia.pl,40805,173116,0.7670116424560547
pornhublive.com,17687,89168,0.491950511932373
zoosk.com,4266,15244,0.1838231086730957
so-net.ne.jp,23668,91385,0.5054211616516113
fucked-tube.com,36818,189300,0.758507251739502
engadget.com,17724,70246,0.38280248641967773
tabelog.com,20567,105539,0.46966552734375
chaturbate.com,18643,104469,0.5687117576599121
typepad.com,5707,25288,0.184478759765625
vipshop.com,28029,160088,0.6493020057678223
r2games.com,6734,27994,0.2545356750488281
wetter.com,54214,254498,1.2512540817260742
oracle.com,9241,31506,0.2397751808166504
myntra.com,18178,145812,0.5676841735839844
mgid.com,4857,14967,0.14960527420043945
retailmenot.com,11466,49423,0.278778076171875
turbobit.net,7442,25376,0.26862382888793945
kinox.to,9213,44338,0.2559781074523926
blackhatworld.com,10146,38748,0.23931264877319336
commentcamarche.net,14465,74693,0.43129682540893555
aeriagames.com,13019,56051,0.44750452041625977
careerbuilder.com,13138,41625,0.33489465713500977
meituan.com,15960,70107,0.3555917739868164
zimbio.com,16680,72887,0.36753177642822266
balagana.net,598,1681,0.027480125427246094
adultadworld.com,4751,12200,0.14939546585083008
wunderground.com,21973,105068,0.5126357078552246
milanuncios.com,11904,59952,0.3113222122192383
moneycontrol.com,54694,277519,1.2139081954956055
lady8844.com,35105,190049,0.7547187805175781
battle.net,6598,25608,0.2429819107055664
xda-developers.com,16092,79085,0.4450869560241699
fhserve.com,1100,2893,0.04430055618286133
tokobagus.com,9798,43953,0.34415721893310547
mpnrs.com,238,292,0.012733936309814453
marktplaats.nl,9539,55863,0.28918027877807617
citibank.com,20501,115993,0.49245357513427734
ancestry.com,11023,35835,0.346682071685791
sberbank.ru,18360,84924,0.49659013748168945
bitly.com,4003,9319,0.12836456298828125
ensonhaber.com,24447,120576,0.4539632797241211
suning.com,77659,444385,1.471705436706543
issuu.com,1843,6221,0.07211923599243164
time.com,16537,61795,0.37914276123046875
ucoz.com,8428,32184,0.29889822006225586
norton.com,13467,62019,0.31932592391967773
forgeofempires.com,8809,34172,0.31391143798828125
sape.ru,3507,8810,0.12336730957031251
onlylady.com,33280,151219,0.561974048614502
pcgames.com.cn,72748,322999,1.4182567596435547
joomla.org,7792,31932,0.21122455596923828
allrecipes.com,27473,90390,0.5961203575134277
webmoney.ru,8139,29650,0.2550077438354492
ad6media.fr,4550,14639,0.15653371810913086
intoday.in,11116,61975,0.37354230880737305
over-blog.com,6535,21352,0.22268056869506836
foxsports.com,42385,266777,0.9024596214294434
google.bg,29262,104159,0.5547380447387695
facenama.com,3408,14189,0.08458375930786133
examiner.com,15338,50178,0.44506072998046875
elmundo.es,39204,175562,0.9299039840698242
lenta.ru,14711,53018,0.30028581619262695
315che.com,38101,206405,0.7813453674316406
mercadolibre.com.mx,17576,70735,0.29547691345214844
freelancer.com,63444,239427,1.1775994300842285
ezinearticles.com,21108,98391,0.5186939239501953
bhaskar.com,107525,478307,2.187016010284424
techcrunch.com,33073,163470,0.6659579277038574
letitbit.net,9056,35213,0.27478933334350586
altervista.org,8668,28735,0.352175235748291
cbsnews.com,25803,111273,0.5606698989868164
nydailynews.com,99562,308531,1.7319917678833008
exblog.jp,13543,65455,0.31795501708984375
priceline.com,35537,223760,0.7664132118225098
corriere.it,73796,398174,1.437382698059082
bitshare.com,7270,24458,0.21675348281860352
gumtree.com,15809,120831,0.4424595832824707
video-one.com,62720,314385,1.1684679985046387
4tube.com,16702,153627,0.5155086517333984
chexun.com,41084,197400,0.8241558074951172
okcupid.com,6941,17754,0.2634739875793457
tlbb8.com,952,2341,0.0375056266784668
say-move.org,7936,32249,0.20935773849487305
xbox.com,7820,37618,0.23186683654785156
babycenter.com,30725,104121,0.5475926399230957
subscene.com,4764,16874,0.17913341522216797
rtl.de,35114,236374,0.8005261421203613
weather.com.cn,23868,107663,0.48888206481933594
foursquare.com,5523,14237,0.1708507537841797
list-manage.com,4629,14249,0.15531539916992188
worldstarhiphop.com,17656,118995,0.4889369010925293
888.com,11912,43865,0.3986048698425293
codecanyon.net,15230,75338,0.349733829498291
bluehost.com,5707,18956,0.20781278610229492
hotels.com,15947,61923,0.3609609603881836
bodybuilding.com,11096,48876,0.35389184951782227
leagueoflegends.com,13064,72656,0.4170703887939453
ibm.com,3901,13592,0.14226913452148438
speedanalysis.net,3965,11038,0.13219118118286133
depositfiles.com,9078,26997,0.30646324157714844
yandex.kz,40146,153396,0.7982993125915527
way2sms.com,1166,2981,0.045070648193359375
doc88.com,20989,95069,0.4429316520690918
tenpay.com,183,210,0.005347728729248047
nokia.com,5782,33953,0.21105527877807617
infusionsoft.com,9929,46657,0.25282859802246094
v9.com,16127,72626,0.40784597396850586
baomihua.com,4937,14761,0.14534711837768555
google.co.nz,27291,98508,0.577390193939209
17173.com,53266,269150,1.109330654144287
gamespot.com,25097,170414,0.674598217010498
clicksvenue.com,2728,7994,0.045392513275146484
bannersbroker.com,5586,17484,0.19492149353027344
sapo.pt,54812,365764,1.5337753295898438
twitpic.com,7870,32347,0.2457857131958008
tgbus.com,19877,89178,0.44728517532348633
mcafee.com,5600,17474,0.16480207443237305
realtor.com,28085,120747,0.5195236206054688
haizhangs.com,1579,3074,0.05367755889892578
linkwithin.com,2052,5937,0.07610797882080078
fanpop.com,12300,46914,0.3162574768066406
sureonlinefind.com,1224,3397,0.04635334014892578
google.com.kw,20400,64837,0.46231508255004883
habrahabr.ru,18620,82411,0.4860877990722656
musica.com,8646,40973,0.2755093574523926
nhl.com,25345,105175,0.5071878433227539
force.com,11023,57981,0.32418012619018555
lifehacker.com,21661,124740,0.4887747764587403
google.lk,27110,97690,0.5463409423828125
ebay.fr,16378,76967,0.37268877029418945
haxiu.com,38361,172271,0.7512140274047852
cj.com,12148,63288,0.29708385467529297
livescore.com,5149,46889,0.19680500030517578
gismeteo.ru,15403,60423,0.37957191467285156
searchengines.ru,13199,61919,0.3198075294494629
gap.com,78688,355462,1.544332504272461
telexfree.com,6706,30633,0.20714044570922852
appround.net,3353,10439,0.1182413101196289
viva.co.id,25718,114892,0.6050300598144531
cloob.com,12047,48762,0.3338146209716797
timeanddate.com,7185,24030,0.19437789916992188
vk.me,5431,15978,0.15594720840454102
okwave.jp,52727,317256,1.1619043350219727
cheshi.com.cn,41859,277792,0.9831523895263673
ellechina.com,23449,127772,0.5968284606933594
wiktionary.org,7186,35890,0.2714061737060547
metacafe.com,17112,74722,0.3835272789001465
lenovo.com,14806,89512,0.3750753402709961
sky.com,54597,238437,1.1916518211364746
cookpad.com,21376,76912,0.5522012710571289
istockphoto.com,9928,36824,0.2992701530456543
rottentomatoes.com,34887,178868,0.7639241218566895
elance.com,13309,81141,0.3471183776855469
xtube.com,12857,114848,0.49715042114257807
sporx.com,2263,4647,0.07426738739013672
itau.com.br,13021,87232,0.39908409118652344
blogspot.kr,27938,100437,0.5456113815307617
avazutracking.net,7863,55122,0.24770259857177734
19lou.com,37431,248441,0.829002857208252
as.com,69337,381077,1.3254499435424805
autoinsquote.us,12904,79599,0.34285783767700195
chinadaily.com.cn,13313,60161,0.3963279724121094
kickstarter.com,22874,119014,0.6075263023376465
southwest.com,33890,226043,0.8380365371704102
baixing.com,9093,32119,0.3076481819152832
quickmeme.com,6265,24959,0.1926255226135254
120ask.com,35457,178501,0.7826495170593262
mtime.com,22353,87248,0.4366731643676758
today.com,17636,106314,0.4185032844543457
tribalfusion.com,1422,9249,0.06908655166625977
people.com,10351,44164,0.24245500564575195
steampowered.com,21673,202765,0.6260347366333008
yaolan.com,29271,133555,0.6638884544372559
kioskea.net,9693,49431,0.3404378890991211
360doc.com,22252,91955,0.5893087387084961
asos.com,25463,102033,0.5500006675720215
meilishuo.com,20375,94609,0.4620695114135742
kohls.com,35987,212085,0.986945629119873
overstock.com,21999,112474,0.5638527870178223
beva.com,14084,61516,0.3207850456237793
ilmeteo.it,26196,115623,0.6021904945373535
pornoxo.com,10778,80653,0.3532886505126953
livestrong.com,13654,66442,0.3355550765991211
zendesk.com,10783,45679,0.3230905532836914
excite.co.jp,50479,249483,1.091620922088623
xiami.com,12201,48849,0.29700279235839844
whitepages.com,7904,28520,0.25346994400024414
zappos.com,23500,79339,0.45186519622802734
github.io,1809,5555,0.06900310516357422
ya.ru,3387,7413,0.1108098030090332
makemytrip.com,36036,157957,0.7173442840576172
tom.com,24952,102041,0.49236297607421875
mercadolibre.com.ve,17088,68679,0.4039955139160156
updatevideos.com,2170,5525,0.07667779922485352
espnfc.com,31528,133198,0.6359195709228516
probux.com,4400,13941,0.15149593353271484
hi5.com,6882,50566,0.31252622604370117
rapidshare.com,9897,38292,0.27426719665527344
slickdeals.net,52033,279618,1.084425449371338
21cn.com,33621,183458,0.8095955848693848
spotify.com,4134,16818,0.1451396942138672
webalta.ru,6200,21029,0.2239513397216797
king.com,12070,68849,0.3670358657836914
immobilienscout24.de,11912,53466,0.29581785202026367
rantsports.com,20158,105511,0.5861258506774902
chewen.com,24164,113119,0.5106925964355469
upworthy.com,9240,47537,0.2505970001220703
cracked.com,15065,79793,0.4425692558288574
legacy.com,20795,79066,0.4177427291870117
azlyrics.com,3070,8643,0.09632349014282227
urbandictionary.com,6467,22735,0.21995067596435547
adbooth.net,7538,36613,0.2778744697570801
imagebam.com,4415,13659,0.1552438735961914
hc360.com,47793,244981,0.9388113021850586
rutor.org,26622,176971,0.6406593322753906
360buy.com,77625,318607,1.3271546363830566
gamefaqs.com,7926,29092,0.13276338577270508
pole-emploi.fr,13192,55228,0.27763843536376953
custhelp.com,1488,3398,0.05235433578491211
redtubelive.com,17208,88033,0.44715166091918945
mediaset.it,14387,66734,0.3385734558105469
intuit.com,13567,55440,0.35013437271118164
getresponse.com,10969,39049,0.34177064895629883
quora.com,7864,23351,0.17402410507202148
pinshan.com,18890,94016,0.49161434173583984
houzz.com,19116,90709,0.46074628829956055
mangareader.net,7497,39138,0.23740053176879883
yahoo-mbga.jp,3008,7379,0.10442972183227539
google.kz,19679,61655,0.41071653366088867
foodnetwork.com,29453,142713,0.612640380859375
eonline.com,39517,270159,0.919184684753418
drom.ru,61154,215017,1.1038899421691895
howstuffworks.com,43599,236709,0.9307742118835449
zhihu.com,8602,26560,0.29142141342163086
hm.com,3245,15514,0.15444040298461914
barnesandnoble.com,10975,40272,0.2800774574279785
bankmellat.ir,17267,87878,0.4074406623840332
sexy1.com,4822,14990,0.15457391738891602
4chan.org,11099,44616,0.40361881256103516
qianyan001.com,18630,84819,0.48129796981811523
jcpenney.com,23688,140477,0.5596470832824707
yobt.com,18427,99455,0.5659890174865723
tnaflix.com,15442,85977,0.46051025390625
marketwatch.com,73096,269735,1.3687586784362793
eyny.com,23520,130494,0.5392718315124512
yjc.ir,17114,103455,0.40824413299560547
sanook.com,46389,263608,1.194155216217041
google.lt,28208,100171,0.5192685127258301
agoda.com,38363,186614,0.8292961120605469
m-w.com,9460,42001,0.2221393585205078
xinmin.cn,33281,145056,0.6844544410705566
wo.com.cn,3036,13616,0.1170039176940918
google.com.do,27524,98927,0.6310844421386719
digitalpoint.com,16308,59007,0.33024072647094727
google.com.ec,27520,98901,0.4587674140930176
nyaa.eu,7425,77794,0.28145790100097656
xing.com,7639,24922,0.2015829086303711
tradus.com,14466,110580,0.41353464126586914
nu.nl,17523,84472,0.5416655540466309
sergey-mavrodi.com,9829,55616,0.33187389373779297
fanfiction.net,6052,20354,0.21498441696166992
livingsocial.com,9775,48643,0.26717185974121094
entertainment-factory.com,147,179,0.00965118408203125
cnbc.com,26826,142133,0.5666685104370117
kimiss.com,23183,125510,0.4150867462158203
reliancenetconnect.co.in,6581,22594,0.13021469116210938
rr.com,46640,149605,0.7837009429931641
idnes.cz,30606,108514,0.4917740821838379
weheartit.com,14113,85703,0.2802562713623047
yoka.com,27008,105879,0.5382323265075684
credit-agricole.fr,8202,37461,0.2240276336669922
alnaddy.com,20587,126328,0.5180478096008301
ea.com,8412,37656,0.23104429244995117
nordstrom.com,21290,83258,0.40580034255981445
lequipe.fr,29207,112998,0.6181526184082031
otto.de,27467,165521,0.6178760528564453
aftonbladet.se,46473,238761,0.9880757331848145
directadvert.ru,9071,24187,0.28307437896728516
mackolik.com,2218,5562,0.07662773132324219
patch.com,32101,124987,0.6337237358093262
dojki.com,33154,363753,0.9526443481445312
udn.com,12734,48821,0.292055606842041
gamer.com.tw,1774,3837,0.06276845932006836
homeshop18.com,29908,168134,0.7794427871704102
meb.gov.tr,7161,26218,0.20747900009155273
cheezburger.com,20728,115582,0.5039215087890625
casino.com,11749,58325,0.26713132858276367
avira.com,38143,164163,0.7433271408081055
woot.com,22206,101322,0.4598522186279297
himado.in,7870,27587,0.24521589279174805
weather.gov,28622,117680,0.5735683441162109
pagesjaunes.fr,29876,126832,0.7421302795410156
goo.gl,422,820,0.020358562469482422
clickbank.net,4331,12844,0.14270305633544922
appround.biz,3354,10439,0.1169586181640625
google.com.qa,20396,64827,0.48378944396972656
cbs.com,13979,73108,0.35996437072753906
google.com.ly,20424,64956,0.41737794876098633
stockstar.com,42161,203832,0.8031725883483887
yiqifa.com,84,71,0.0031280517578125
indiamart.com,11966,49307,0.3673839569091797
commbank.com.au,8048,43583,0.25516748428344727
ovh.net,1642,7013,0.06698846817016602
gumtree.co.za,36154,125928,0.7411551475524902
cy-pr.com,15651,63810,0.4056525230407715
google.hr,26842,96463,0.5339765548706055
pornsharia.com,13787,103472,0.46478748321533203
india.com,28150,180538,0.5625343322753906
e-hentai.org,6971,21550,0.18407821655273438
slate.com,49652,398139,1.0827279090881348
evernote.com,7189,30899,0.20561933517456055
alexa.com,5307,15370,0.10424613952636719
